RequestName,RequestsPerSecond
NodeCsWebApiStringResult,4058,10
HandlerJson,4054,76
NodeCsWebApiJsonHttpCreateResponse,3984,92
SelfHostJson,3964,78
NodeCsWebApiJsonManualResponse,3943,67
HttpHandler,3939,35
Mvc,3910,46
NodeCsMvc,3876,40
MvcJson,3864,74
NodeCsMvcJson,3850,65
WebApiJsonManualResponse,3827,74
webapijsonTypedResult,3822,99
WebApiJsonHttpCreateResponse,3751,63
HeliosWebApiJson,3545,49
WebApiStringResult,3350,60
SelfHost,2760,10
Helios,2670,54
NodeCswebapijsonTypedResult,0
