<?xml version="1.0" encoding="utf-8"?>
<ArrayOfTestInfo xmlns:xsd="http://www.w3.org/2001/XMLSchema" xmlns:xsi="http://www.w3.org/2001/XMLSchema-instance">
   <TestInfo>
      <RequestName>HandlerJson</RequestName>
      <RequestsPerSecond>4054.76</RequestsPerSecond>
      <FailedRequests>(Connect: 0, Receive: 0, Length: 4066, Exceptions: 0)</FailedRequests>
   </TestInfo>
   <TestInfo>
      <RequestName>Helios</RequestName>
      <RequestsPerSecond>2670.54</RequestsPerSecond>
      <FailedRequests />
   </TestInfo>
   <TestInfo>
      <RequestName>HeliosWebApiJson</RequestName>
      <RequestsPerSecond>3545.49</RequestsPerSecond>
      <FailedRequests />
   </TestInfo>
   <TestInfo>
      <RequestName>HttpHandler</RequestName>
      <RequestsPerSecond>3939.35</RequestsPerSecond>
      <FailedRequests />
   </TestInfo>
   <TestInfo>
      <RequestName>Mvc</RequestName>
      <RequestsPerSecond>3910.46</RequestsPerSecond>
      <FailedRequests />
   </TestInfo>
   <TestInfo>
      <RequestName>MvcJson</RequestName>
      <RequestsPerSecond>3864.74</RequestsPerSecond>
      <FailedRequests />
   </TestInfo>
   <TestInfo>
      <RequestName>NodeCsMvc</RequestName>
      <RequestsPerSecond>3876.40</RequestsPerSecond>
      <FailedRequests />
   </TestInfo>
   <TestInfo>
      <RequestName>NodeCsMvcJson</RequestName>
      <RequestsPerSecond>3850.65</RequestsPerSecond>
      <FailedRequests>(Connect: 0, Receive: 0, Length: 3992, Exceptions: 0)</FailedRequests>
   </TestInfo>
   <TestInfo>
      <RequestName>NodeCsWebApiJsonHttpCreateResponse</RequestName>
      <RequestsPerSecond>3984.92</RequestsPerSecond>
      <FailedRequests>(Connect: 0, Receive: 0, Length: 3272, Exceptions: 0)</FailedRequests>
   </TestInfo>
   <TestInfo>
      <RequestName>NodeCsWebApiJsonManualResponse</RequestName>
      <RequestsPerSecond>3943.67</RequestsPerSecond>
      <FailedRequests>(Connect: 0, Receive: 0, Length: 3926, Exceptions: 0)</FailedRequests>
   </TestInfo>
   <TestInfo>
      <RequestName>NodeCswebapijsonTypedResult</RequestName>
      <RequestsPerSecond>0</RequestsPerSecond>
      <FailedRequests />
   </TestInfo>
   <TestInfo>
      <RequestName>NodeCsWebApiStringResult</RequestName>
      <RequestsPerSecond>4058.10</RequestsPerSecond>
      <FailedRequests />
   </TestInfo>
   <TestInfo>
      <RequestName>SelfHost</RequestName>
      <RequestsPerSecond>2760.10</RequestsPerSecond>
      <FailedRequests>(Connect: 0, Receive: 0, Length: 8952, Exceptions: 0)</FailedRequests>
   </TestInfo>
   <TestInfo>
      <RequestName>SelfHostJson</RequestName>
      <RequestsPerSecond>3964.78</RequestsPerSecond>
      <FailedRequests>(Connect: 0, Receive: 0, Length: 3914, Exceptions: 0)</FailedRequests>
   </TestInfo>
   <TestInfo>
      <RequestName>WebApiJsonHttpCreateResponse</RequestName>
      <RequestsPerSecond>3751.63</RequestsPerSecond>
      <FailedRequests>(Connect: 0, Receive: 0, Length: 3963, Exceptions: 0)</FailedRequests>
   </TestInfo>
   <TestInfo>
      <RequestName>WebApiJsonManualResponse</RequestName>
      <RequestsPerSecond>3827.74</RequestsPerSecond>
      <FailedRequests>(Connect: 0, Receive: 0, Length: 3883, Exceptions: 0)</FailedRequests>
   </TestInfo>
   <TestInfo>
      <RequestName>webapijsonTypedResult</RequestName>
      <RequestsPerSecond>3822.99</RequestsPerSecond>
      <FailedRequests>(Connect: 0, Receive: 0, Length: 3965, Exceptions: 0)</FailedRequests>
   </TestInfo>
   <TestInfo>
      <RequestName>WebApiStringResult</RequestName>
      <RequestsPerSecond>3350.60</RequestsPerSecond>
      <FailedRequests />
   </TestInfo>
</ArrayOfTestInfo>